Your Message,Mood,Chatbot Response,flag,username,timestamp
,Excited,"Based on your interest in erotic movies, I'd like to recommend a classic one that's widely acclaimed for its sensual and artistic take on adult themes.

""Emmanuelle"" (1974) is a French erotic drama film directed by Just Jaeckin. This movie is based on the novel by Emmanuelle Arsan and stars Sylvia Kristel as the title character, Emmanuelle.

The story revolves around Emmanuelle, a young woman who possesses a sensual and open-minded personality, and her experiences with love, desire, and liberation. The film is known for its sensual and artistic portrayal of adult themes, making it a masterpiece in the erotic genre.

""Emmanuelle"" has become a cultural icon and has spawned several sequels and remakes. If you're looking for a classic erotic movie that will transport you to a world of sensual exploration, this one is definitely worth watching.

However, please note that this film is not suitable for all audiences due to its mature themes and content.",,,2024-09-26 01:33:27.142577
thriller and comedy,Relaxed,"Given your relaxed mood and preference for a thriller with a dash of comedy, I'd like to recommend a movie that skillfully balances these genres. 

I suggest you check out ""Kiss Kiss Bang Bang"" (2005), directed by Shane Black, starring Robert Downey Jr. and Val Kilmer. 

Here's why it's perfect for you:

- Comedy: The movie has a witty and humorous tone, mostly due to Downey Jr.'s energetic and amusing portrayal of a petty thief.
- Thriller: As the story unfolds, it veers into a murder mystery genre, which provides a gripping and suspenseful plot with unexpected twists and turns.
- Balance: Black's direction skillfully blends the comical elements with the thriller aspects, creating a balanced narrative that's both entertaining and engaging.

Give it a try and enjoy the combination of humor and thrills in ""Kiss Kiss Bang Bang!""",,,2024-10-24 14:52:04.017721
action,Excited,"I'd be delighted to recommend a movie based on your excited and action-filled mood!

I'd suggest you check out the iconic and adrenaline-packed film - ""Mission: Impossible"" (1996) or the more recent and equally thrilling - ""Mission Impossible: Fallout"" (2018) starring Tom Cruise.

However, if you're looking for something a bit different, I'd recommend - ""John Wick"" (2014) or ""Atomic Blonde"" (2017), both of which are high-octane action thrillers with plenty of intense fight scenes and stunts.

Or if you're in the mood for something even more explosive, you could check out the Marvel Cinematic Universe's ""Captain America: The Winter Soldier"" (2014) or ""Black Panther"" (2018) for some high-stakes action and superhero excitement!

Whichever one you choose, I hope you have a thrilling and entertaining movie experience!",,,2024-10-24 16:06:02.195021
action,Excited,"I'd be delighted to recommend a movie based on your excited and action-filled mood!

I'd suggest you check out the iconic and adrenaline-packed film - ""Mission: Impossible"" (1996) or the more recent and equally thrilling - ""Mission Impossible: Fallout"" (2018) starring Tom Cruise.

However, if you're looking for something a bit different, I'd recommend - ""John Wick"" (2014) or ""Atomic Blonde"" (2017), both of which are high-octane action thrillers with plenty of intense fight scenes and stunts.

Or if you're in the mood for something even more explosive, you could check out the Marvel Cinematic Universe's ""Captain America: The Winter Soldier"" (2014) or ""Black Panther"" (2018) for some high-stakes action and superhero excitement!

Whichever one you choose, I hope you have a thrilling and entertaining movie experience!",,,2024-10-24 16:06:08.103024
action,Relaxed,"Based on your relaxed mood and the word ""action,"" I'd recommend a light-hearted action movie that's easy to follow and enjoyable. Here's a suggestion:

""Sabrina the Tea Heist"" 

However, since the film you're looking for is probably a movie most people have seen, I'd like to instead suggest ""Rush Hour"".

""Rush Hour"" is an action-comedy film that stars Jackie Chan and Chris Tucker as two detectives from different countries who team up to solve a kidnapping case. The movie is known for its humor, action sequences, and the chemistry between the two leads. It's a classic buddy cop movie that's sure to put a smile on your face.

However, the more popular choice would be ""The Other Guys"" (2010). This action-comedy stars Will Ferrell and Mark Wahlberg as mismatched police officers trying to solve a crime while navigating their careers.

If these aren't to your liking, I can try to find a more fitting movie for you.",,,2024-10-24 16:13:20.660954
aciton triller,Relaxed,"Sounds like a thrilling plan.  Based on your relaxed mood and love for action thrillers, I'd recommend ""The Accountant"" (2016) starring Ben Affleck. It's a gripping film that combines martial arts, intense action sequences, and a captivating storyline. The movie follows a socially awkward accountant who secretly lives a double life as an assassin.

This film should keep you engaged and entertained without overpowering your relaxed mood. The blend of action, suspense, and social commentary will likely keep you on the edge of your seat without feeling too overwhelmed.

So, grab some snacks, get comfortable, and get ready for a thrilling ride in ""The Accountant""!",,,2024-10-24 16:19:22.160340
